{
  "dependencies": {
    "mssql2": {
      "type": "mssql.onprem",
      "connectionId": "PokemonDb",
      "secretStore": "AzureAppSettings"
    },
    "secrets1": {
      "resourceId": "/subscriptions/[parameters('subscriptionId')]/resourceGroups/[parameters('resourceGroupName')]/providers/Microsoft.KeyVault/vaults/PokemonDbvault",
      "type": "secrets.keyVault",
      "connectionId": "VaultUri",
      "secretStore": "AzureAppSettings"
    },
    "mssql1": {
      "resourceId": "/subscriptions/[parameters('subscriptionId')]/resourcegroups/[parameters('resourceGroupName')]/providers/Microsoft.Sql/servers/pokemondbdbserver/databases/PokemonDb_db",
      "type": "mssql.azure",
      "connectionId": "(LocalDB)\\MSSQLLocalDB",
      "secretStore": "AzureAppSettings"
    }
  }
}